-0.0608875173501951,0.86044414138066,0.0939750350001338,0.124248219657185,0.940972676154253,0.295047165285891,-0.593884735815424,-0.296089489603873,-0.1718687066213,0.688101109159474,0.242976305148388,0.264070751285815,0.114666057855671,-0.2286143928592,0.977976701233963,0.314069460749264,-0.955207789538323,0.418881064072815,-0.185841208230662,-0.492301292625166,-0.0546028129372795,-0.470763078186542,-0.317740557491746,-0.264253577102379,-0.811038329013835,0.489147333145877,0.13665293857585,-0.528514786879266,0.703414589795343,0.277303324973157,-0.094309936243511,0.518678498628064,0.509927002375231,0.480800759759199,0.412332111341633,0.342945794566831,0.0257745763803421,-0.099919232042824,-0.13829333609638,-0.300134608563933,-0.0494228182006527,-0.594057331442039,1.17474060433278,0.679798912761687,-0.520774718667894,-0.149837155763318,-0.182680950099662,0.459367248229232,0.0147233727436005,0.188127916709169,0.0429585629049665,0.0355814122544569,0.762533641044049,-0.0586180312437385,0.838690411166066,-0.739994690893955,0.358755235883626,0.121449803147304,0.168877630918835,0.253187132590105,-0.201051127333202,-0.113951107612152,-0.46693687924764,-0.494344688701936,0.213987689243196,0.288502961194073,0.0849598474126755,0.532657370762441,1.11351820931486,-0.195235249349227,-1.13163254668985,0.575647553177122,-0.307599356573768,-0.296684744197402,0.585862083450713,-0.0890059017981056,-0.571046446797994,0.151037941026911,-0.0138723313176363,0.0606297615633668,0.256092380462704,-0.133240382729071,0.389534930436096,-0.0558963891061944,0.22853902641702,0.622567129699468,0.281792988997529,-0.110203845962671,0.649332572874971,0.56934631952634,0.340102465955673,0.180615273276696,-0.265730072214419,0.758439229260662,-0.251491273171208,1.18420534342278,0.847003022840825,-0.0637319664564679,-0.47097756387967,-0.308220381538517
-0.155011622168767,-0.219611177347088,-0.606549797678342,-0.0258363966413694,-0.499761700771718,-1.06538807461807,-0.240546741628603,0.591665814264736,-0.365530417136376,0.392435236740528,-1.03332282163137,-0.0325840654538366,0.335710303137622,0.195908614424118,0.0706964395943545,-0.407395911401022,-0.541269021330541,-0.652995952254077,0.0783640367992103,-0.60389540390526,-0.311218805336064,-0.161032958260785,1.18408491289261,-0.414598145601582,0.153781941134423,0.0529434784333979,-0.613107753429556,-0.0426701845916006,0.928307639092741,0.292215191745723,0.0294175406742209,-0.267622833207059,-1.31219394556205,0.727679800682524,-0.932601633576469,0.476976578625629,1.22587515468263,-0.921874462530562,0.452531298127913,-0.164943683736678,-1.00402516364956,-0.967208801354224,-1.02285210945922,-0.337064257870452,-0.933316171976576,0.443648482476554,1.34822293671869,-0.821396651593764,0.507589141996167,0.495613100076189,0.215797075054248,-0.642905950298388,-0.0735089786050125,-0.176600246336321,0.36362680248258,-0.235558318170151,0.628802624101113,-0.236930433444142,0.67731636957776,-0.669040494132941,-0.80418182189586,2.07904205278353,-0.264010636267473,0.194034522903102,0.410758288726971,-0.306877939710687,0.334080010578269,0.239344804751783,-0.134955239742548,0.0448291558626582,-0.0188157075562596,1.36637791363847,-0.471854140950213,-0.699030397706481,0.0272111643585134,0.201883237743064,0.282619440533835,-0.290598268061871,-0.678103665140497,0.812134524069701,-0.220961313487447,-0.551395108007921,-0.148342055930518,-0.123294342229639,0.713961269654576,0.0572841036243191,0.486012300304324,-0.316813703971433,0.140368092993766,-0.204970410697718,0.0635910735532925,-0.570515732054126,-0.836623114161315,1.28231357016765,0.387787754057719,-0.798491283510649,-0.388474115292871,-0.756348925070565,1.41144575769873,0.843667208964133
0.29316030891243,-0.241315586212179,-0.275870777467066,-0.450221475312851,-0.341942698160762,0.911463273524426,-0.0401968973774412,0.0565207484756571,0.125981835068821,0.677903320217741,-0.298095776816165,-0.564036691432233,0.925300245822151,-0.256287786253767,-0.413640136291504,-0.700101868477942,-0.727141538755408,-0.330419757905906,0.334907538223786,0.609455024515837,0.384921841250082,-0.213025567305346,0.0233116896075349,-0.40333083571628,-0.410376009286593,0.483754308619753,-0.576922505215905,1.08136559015307,-0.0604540529148808,0.109711681165556,-0.422270560365775,-0.330651519893929,-0.74517096686136,-0.112144712974683,0.223827904397097,0.1709805476483,-0.446277182850673,-0.450232154964157,-0.290356554591605,0.825030958768235,-0.644859119129283,-0.109982440411805,1.05181995027571,-0.0664016185851328,-0.769074766646525,-0.381100203176355,0.260934326303315,-0.219693342669786,-0.323667395358298,-0.202007067967254,0.0404738740265857,0.882215393197645,-0.0594747370493916,0.593240666346743,0.342034541244576,-0.0734709681860236,-0.86567404358151,-0.300916529664629,-0.283475169146034,0.0162811365852003,0.715704801358412,1.2699102719536,0.853788586064754,-0.0843616476773286,-0.990497163205151,-0.227048470275174,0.0397541438899174,0.461629469800421,0.52722391900866,0.371928021841548,-0.78885310298782,0.464213864288688,-0.259298606445279,0.0875317882279256,0.0315734388782365,0.228954426296158,0.00373356747914462,-0.940789992163684,0.401057478330894,0.205432630577738,-0.158320806137069,0.0559063460848792,0.0647781267270536,0.113329042921489,0.905847260923391,-0.132308943719629,0.0837711561033428,0.642128473883977,0.57838277936121,0.629222937117931,-0.332370328467995,1.10770539335394,0.0271915585218315,1.03199900753502,-0.764085747955138,0.00167310548108958,0.687637241629949,-0.409273060825002,-0.430175087951286,-0.533912608435119
-0.135899773412606,0.216393375905928,-0.858997863571056,0.161739225297281,0.631574845232351,0.998797293893712,0.661149355982241,0.411534411798038,-0.727184551856242,-0.21125506052564,-0.0968743363713243,0.387118209165688,0.0160918166462161,-0.512563057526172,0.836878850331786,0.482428072563237,0.173408302881357,0.62306189620379,-0.549301699724413,0.367538058691812,-0.175218551614144,0.378049567898257,0.0366558321874396,0.354764081831345,0.676895430432176,0.0678860782231126,0.531107161721419,-0.480368766300828,-0.26632141088055,0.761124280220262,0.237580703279954,-0.876427000882525,-0.560885184761324,-0.0275171919702345,0.461514437272228,0.0178286991167669,0.350741438326953,0.504259741555004,0.830743545618728,0.0902278688504115,0.0407091077727675,-0.739338332932852,0.110086453916531,-0.197657106156771,-0.382052405295547,-0.01794583557658,0.529907937843256,-0.849157257126687,-0.131369553936805,0.11802316851538,-0.345003646310461,0.217642259167546,0.253189372777176,0.04939597567359,-1.06610246419077,1.24359001250822,-0.0295888638100684,0.363123948314072,0.190068925030733,0.534369296074942,0.439450819495994,-0.0316493808954826,0.237938251205597,-0.368938593897287,0.457453667314982,-0.146848512030345,1.1726650517877,-0.692483612057017,-0.148200622366145,0.442990729408958,0.298445792601314,-0.205741136856207,-0.392493273880936,0.130787441579942,0.0579833459268823,-0.7563234260724,0.0803855856663852,0.151766517435173,0.144657771896653,-0.419195364387293,0.282856691980103,0.696635563793948,0.273733719594871,-0.45613839720337,-0.135205555888007,0.223236426048586,-0.232135240818248,-0.924765034183979,0.469983818230282,-0.315782643148707,-0.198441260689299,0.754101192363239,-0.290411898901419,0.452322234484075,-0.513495787584577,-0.0980187598436107,0.0308171003336732,-0.47129818560786,-0.226496740628084,0.0513192564722364
-1.12105757179345,-0.211131043209949,0.56264732425594,-0.343378203042662,0.192522644088843,0.377850373953537,0.220883233516861,0.490492998028804,-0.0523087668455018,-0.255845770563509,-1.81539998218341,-0.0314857903299647,0.33451957180756,0.408048718857014,-0.354898684869075,1.27832085450078,0.233886840676696,0.121888155882884,0.923500481004657,-0.469051399011434,-0.28149154558648,1.71058717826219,0.0413131036173141,1.17623717675293,-0.972732025779754,-0.0997417245971548,0.298242057757622,0.243410155033511,-0.669931766398585,0.0470002392077361,-0.720146181001413,0.532076246885916,0.792346828180538,-1.52288901143853,0.897916818323076,-0.834603866218298,0.351646950327715,0.495141260596705,-0.106298317095538,-0.41774023185037,0.14917293628414,0.340489254232664,0.651413519632401,-1.40211687660083,-1.11114731967128,1.03411901884121,0.7656628770757,0.338020132299906,0.533807609105466,0.675107632957911,-1.82783309263105,0.810185919343981,-0.305729096261553,0.194848474935508,-0.17293989813659,0.64348248798409,-0.210234408940262,0.396230324116501,-0.239762797502439,-0.730895350490298,0.879951152971326,0.55180031240638,1.2396790578897,0.0791043396527245,0.82048676353302,1.41536755784293,-0.163373521316652,-0.891898948972857,-0.133902480417536,-0.116197472439865,0.139631160861199,1.23131474813816,-0.194615200713667,0.294451200945773,-0.1257408624725,0.0478336676565699,0.25321676874703,0.962637008288613,0.118392332226608,0.532173476123407,0.578353996461247,0.673427639837399,-0.368270795268273,1.17155936060495,-0.232957727217414,-0.0404697934661576,1.01568529144329,0.93876193533262,-0.728939964528559,-0.577200093842674,-0.916471550160972,0.160733276627366,0.148837060798483,0.288232515530287,0.419771838221503,-0.387506323445157,-0.661581162583944,0.751781804875767,0.558908309984276,-1.02215983251434
-0.555798841303719,-1.24287023601963,0.0559830629761504,-0.0781392658184983,-0.0887585238926196,0.0946014278316365,0.484287397619668,0.0884284246288267,-0.392329182686408,-0.461552784758557,-0.108896611231222,0.149497066832661,-0.639859308451631,-0.139604240614947,0.533883016568006,-0.0951396050531428,-0.440277150120686,-0.19319677219833,0.6200774200685,0.289874333019921,0.691443783969528,0.0495368012701872,0.20813197402951,-0.358420811446107,0.32223157948418,-0.327937003455388,-0.862616006732981,0.043042221611766,1.10619761123498,0.436593250487071,0.649673134255913,0.178059891183231,-0.387721428106149,-0.150091575271484,-0.1916194239164,-0.305927291042496,0.380011746664339,-0.732078649661858,0.474872046933783,0.473577419284624,-0.732814878841118,0.342187081930491,1.38947951912302,-0.357694773854313,0.462320284579095,-0.489275696000685,0.617774832419436,0.114294249103031,0.934292316980925,-0.885076900298495,-0.0618141582499312,-0.339979805239264,-0.14718142187269,-0.40001567020829,-0.519477824655754,0.306646603212151,-0.667873333914429,0.836106846054866,-0.725553643390498,0.0273019587588841,0.279900085042619,0.311332901695606,-0.208286507004317,0.0146827846624396,0.530372161418347,-0.883611987508287,-0.489005421712186,0.155570817162127,-0.291939214972399,0.769419383971673,0.361932355898387,0.010392844547992,-0.913609226720546,-0.0165486821085666,-0.216865637763281,-0.0916694141737582,-0.722835684510036,0.259821816573035,-0.63943593585726,-0.164116686239581,0.191259781874414,-0.490044142054738,0.309143301389052,-0.801760467807164,-1.67508046553788,0.24011854134233,0.459767802427789,-0.198986832906506,0.2630198424567,-0.707838818403812,-0.106174659091243,-1.16728984600853,0.658988166952032,1.05593629258442,0.596311713667354,-0.0478067133079708,-0.0513060281136501,-0.918469422059449,0.430435477461015,-0.155058807924315
-0.707641997114195,-0.148986349181015,-0.424882162544552,-0.197841086173448,-0.609987894530908,0.849199432738579,-0.0064624430587558,0.541486988543748,-1.30517859955572,-0.226052198494772,-0.337698847596944,-0.612663076775324,0.778389349217718,-0.709277449625819,0.161492770513062,0.426714049852684,0.0910745859530945,-0.43803877521185,0.474293775087809,0.0872562816084652,-0.532587158184815,-0.695599215434037,1.04966912833983,-0.339216129573011,-0.930421442771147,0.269414912709165,0.15739425127573,-0.6784142178688,-0.97431212018949,-0.0568400434654836,0.573858851474495,0.321080674252332,-0.246012174525308,-0.417411960539841,0.137723629975,0.0806088814169062,0.317859978942476,-0.197222004148359,0.453293017139322,-0.415715945840461,-0.164447303334644,0.37366348708051,0.498807428449156,-0.972076162091694,0.0554135792252894,0.307346109921572,-0.727129300949667,0.242978592271872,-0.41439133278386,0.514016846195943,0.272038098909376,0.387846451187505,0.0622087408243242,0.435359182754827,0.694965126564309,0.98916104397722,-0.0126868285327919,-1.12805406293096,0.0174096768110072,0.104822207568738,-0.076450056275456,0.287009031752612,0.509207594224604,-0.258591510828009,-0.146139904229694,0.201399040788999,-0.274785329981266,0.047415934191116,-0.983730263908444,-0.560916055330941,-0.665315608439647,-0.427173796978388,-0.346650408819052,0.19359525022411,0.494860292280151,-0.363767243061869,-0.499106430632692,-0.521633144377504,-0.206660033094258,-0.118481815795794,0.244481348689975,-0.159816452225688,-1.0423861053269,-0.0443494904835152,0.597862559427825,0.600079805851587,-0.394696827086085,-0.775825424561319,1.23618332607119,-0.0800044124842975,-0.0473716317615208,0.212816615210584,-0.80910724795545,-0.364186930255761,-0.77214171241755,-0.346544975512525,0.061269549426929,-0.683876457337374,0.297905290220804,0.146903741649577
0.153128306004908,0.400010971671675,0.5481218137491,-0.0546780436219644,0.00173000288532438,0.00500564086344698,0.728102219386925,0.578394041605471,0.44085573965203,-0.0899261374552844,0.222645704598709,0.23686412983091,-0.446858378700601,-0.771755983451,0.34973545527381,-0.677596750915941,0.0468333938545706,0.164448044806653,0.312845384799585,0.135668714214967,-0.300732323147531,0.512761637623285,0.868716965071489,0.462989620470349,-0.873652784617435,0.708282961011186,0.0195123684933558,0.294413696770442,0.340368083045115,0.000287156261067213,0.0104239527574425,0.528277660018012,0.38274986070183,0.514605315114408,1.17358109410959,0.360422537082384,0.144164556350789,-0.999982432381675,1.31969192286124,-0.182354509062853,1.16970484344915,0.223309161068123,0.773985386144672,-0.00587560890218933,0.288052539842188,0.147276552619971,-0.0420311871718014,-0.0109307892868167,0.52528589252716,-0.0492885035229148,-0.918146303756616,-0.0466534330339698,0.301452821423299,0.337728933124651,0.337781976718081,-0.754625585324815,0.220516706541348,0.504004729903364,0.650083460034774,-0.0604096242664107,-0.106275223075853,0.750046278280694,-0.74318727038283,-0.160660869694789,0.262496915925805,-0.719455454714963,0.178349983260799,0.934597418355942,0.0441153075315359,-0.0857211264055526,0.270753669094821,-0.0860136183449834,0.430918473017659,0.473994118143764,0.0473103426456673,-0.510746101820024,-0.577714063505846,-0.23455557326834,0.423338248905169,-0.880539521485669,-0.84652760316921,-0.26331639096655,0.232654998190394,-0.386241068939413,0.465625320297438,0.203779473704519,-0.0347059068384727,0.43348676144677,0.229801894215111,-0.164969163495999,0.155394816603259,0.352424672357678,0.214621539038842,-0.265318107933833,0.450698107769553,0.591578783084663,0.176763278465309,0.114223620069679,0.010252718244801,1.06876741532773
-0.132771611969175,-1.64484580488455,-1.03822288882924,-0.0808889765700752,0.101854979431288,0.147274931177626,0.497768278894268,-0.155847873176436,0.750731828133147,-0.623934633091083,-0.808583098650337,-0.821803611517463,0.446793723043241,-0.0842654587347037,0.477375267095957,-0.203182737993045,-0.41180881973489,-0.267952448422898,-1.22313416384004,-0.783596119480117,-0.95890857919496,0.647594093741421,-0.415308377046064,0.477144835762169,0.945017371472013,-0.154317795059275,0.151783852373546,-1.15778324047197,-0.557749065245193,0.00527318582303564,0.161570789339592,-0.519605448891711,1.69690783225873,-0.325895119245953,0.0104399708921588,0.387263060203128,-0.0476472564152487,-0.445063873356923,0.641791556145221,1.00876293353988,-0.0500124781140024,0.330937629689999,-0.0935919817343592,0.623225172991617,-0.774941895092792,1.46266047721841,-0.419299062151931,-0.969729535792296,-0.256732510700318,0.0635093559241352,1.0139600789869,0.555495578085419,0.0607742822624469,-0.925089890074965,-0.588232192590838,-0.135983452311949,1.61206824789926,-1.22803197716585,0.696974361626065,-0.370198984209357,1.04122662226166,-0.764023129465949,0.0615238780048857,-0.738507008039114,0.550544672525443,0.923966499295371,1.2244615089318,0.482383759961646,1.15531020097736,0.771218961061266,-0.115769883744299,0.276088744142135,-0.656419295919333,-0.150088046026544,0.754834332903467,0.317434123951367,0.263423959543738,-0.69898091462082,-0.419931006075087,-0.522956932613203,0.223484997597426,-0.668333400378996,0.330792218672369,-0.749360593440747,1.14582714340703,0.265505175689814,-0.482026315975418,0.124219169424451,-0.257720582261673,0.207944879081634,0.125819513006287,-0.683525127514004,-0.540144481517641,0.161896922863686,1.02389033468644,0.667089933907509,-0.432836690836275,0.500610224474206,-0.0621588761065126,0.163003788443915
1.55199888938284,-0.858946727242625,-0.0343801978857085,-1.24019140816564,0.279055585531974,0.603938858038993,0.827711300239915,-1.3332561238458,0.165541307787405,0.922404204202975,-0.364496742123387,-0.23508430751492,-0.122501597681877,0.134929115818126,0.327344492141899,0.745754377648299,-0.160293677375516,0.0267523156116697,1.49593497048464,0.177291994590257,0.0219282068761139,-0.959567472223996,-0.0972472415661286,-0.240966642326929,-0.106159499037449,-0.467968680426827,-0.5393840530798,-0.561153936817188,-0.236593406233051,0.778008395110108,0.573473410355364,-0.329852138426071,-1.17989060565823,-0.640526294344603,-0.392540707100246,-0.0326376411610005,-0.523864473976334,1.1873706983868,-0.273624296510081,-0.877317383874308,-0.189638718172944,-0.743608694472336,0.00103056614842846,0.0507003360962318,0.128882972295381,-1.13882398472942,0.0424160542549678,0.0999460678633001,-1.01012669062099,0.513390477730246,0.403640424758152,1.37516870380485,0.00138141812419265,-0.0691181345481859,-0.0371586676468666,-0.0543522596644818,-1.28410270159122,-1.17040937517527,-0.148787119642905,-0.471590632317395,-0.0639875487719393,-1.452538030351,-1.05986819789113,-0.805220527073922,0.533066970248382,-0.803301488764955,-0.61163301953968,-0.0478724568395136,-0.305985415280754,-0.00521263911414692,1.37865787560486,-0.820042515272414,-0.294909602339144,-0.430363910260592,0.870492812020968,-0.592381918067463,-0.151702724788236,0.405539783985314,-0.777722615585122,0.962026893951849,0.334141600257204,-0.787733815089521,0.192343906328781,-0.235825791276641,0.10172743975221,-0.156759775586559,0.5872114412271,-0.965245711421611,-0.434118892105593,-0.258830115708179,-0.737467852130261,-0.765775718106724,-0.110605031986077,-0.183813437607338,-1.73341855259217,0.568015761142423,0.0610167220877357,1.4499112978229,0.34019074582566,-0.385616225694822
2.25047455699503,-0.986101861503781,0.362354202053341,-0.181167977339384,0.137060091361315,0.169411636772873,-1.02060827966619,0.215789309970103,1.38520746738211,-0.143491033517524,-0.142561597359182,1.1050284976836,0.705403237538949,-1.32948543945793,0.170221987508098,1.30874596852624,1.11837476135281,0.323140489916069,0.563845442072746,-0.968703015584608,0.227407916053408,-0.774963837915393,-0.378330638093281,0.735130855604091,-0.920731199118126,0.200871484339806,0.329836203722389,0.0314848986074551,1.44348547964771,-0.829212594020854,0.471891588218405,-0.0834409241366365,-0.220785147629884,0.358406715007168,-0.827657209514702,-1.06179552795928,-0.407463314820148,1.38721271073307,0.0321662637447143,0.252417928491225,-0.164069802195965,0.36352131775238,-0.772751177601471,0.91274722969558,0.454773662353591,-0.656719434611957,0.0311982889939782,0.559939129519812,0.43322203255104,1.17163221388879,-0.502146715667748,0.879371190209654,0.815782309297923,-0.142207191360815,-0.792123914574854,-0.882582059187796,0.353369789845018,-0.0692162012004457,1.40906094915977,0.415170893855998,-0.309560768620499,-0.831765238096374,-0.477709365576343,0.261569322688588,-0.372671199611217,0.398466163881255,-0.279514058135815,-0.0967272632935472,-0.596043162164341,1.50968392131762,0.253366571725258,0.171881181619271,-1.36413483317975,0.514765608839785,-0.830232287279114,-0.724686785986645,0.72133863169932,-0.374082179588084,-1.40928450075593,1.40171158125483,-1.91186409590038,0.44527093266479,0.800363184947307,-0.516512279405905,0.342583774146546,0.338463756857528,0.819038224883314,0.374392623034559,-0.208042808218758,0.719461761625357,0.627284870794549,-0.760678339496796,-1.13157475541011,0.115668792098978,-0.23127572385016,-0.799803946282017,0.0546699671361552,-1.06702527171354,0.116426863564697,-0.511686918843391
1.68573211806857,-0.760503347248468,0.684801909539934,0.51453085423755,-0.141132327355202,-0.421935538135223,1.06387389287043,-1.55833192118569,-0.560742438232236,-1.14193383297386,0.932063526495793,-0.229381598228259,-0.473947240335566,2.24195686836111,-0.126371325010275,-0.414687888481467,0.129863385330308,-1.23829114126131,0.269321284604822,-0.160149490418976,0.253373538366761,-0.80912197182608,-0.838863149991987,-0.597518607625329,-0.652130047758585,0.861569484124022,1.06668436609101,-0.20462134576735,-0.352579244963748,-0.330685043483209,-0.0390267872695834,-0.0187656029673476,0.122664214012109,-0.63652420513574,-0.709913756164106,0.786894847160767,-0.49149041256462,0.132192435234879,-0.131448577365184,-0.791164988165353,0.34310761135928,0.0370363643209187,0.935336860916131,-0.00371285507572576,-0.332520874551165,0.114067360080189,-0.957941356494287,-0.701856711456173,0.283945823761789,-0.333674356722564,-0.138032284645657,-0.174106095796134,-0.566101306006615,-1.56802090739513,0.16572406475866,0.468022121038396,-1.03345981418531,0.995839278770165,0.192321207289882,0.892758514999056,-0.790667812256801,0.0324055831093938,-0.16296941246505,0.473051523475722,-0.511432642941081,-0.0971234337593977,-1.39224654486085,-0.659183496177508,0.00183382784335606,-0.6069703190266,-0.12163494792963,-0.432392533862703,0.354727963530122,0.76595877291434,-0.692049238790214,-0.314572710881968,0.964612803933458,-1.70000726613861,-0.323947094026437,1.42226053991685,1.51664400406781,0.0249463690199771,-0.72215241753284,0.0314361097921856,-0.567757612517129,0.974173771161365,-0.680318652769101,0.183355452711901,0.364189274909318,-0.644455941223904,0.533845315503639,-0.63744033822958,0.371797725113747,0.713359873275578,-0.813568726217039,0.72165936337554,-0.448215332449612,0.12582703173702,0.0580773364504122,-0.402566129249799
-0.791129042493671,-0.0882902637439704,0.52953278904379,-1.39724084799063,-0.956512062620817,-0.747137397968688,-1.02148695246317,0.268635283604467,-0.638586844408779,-1.39108940880919,-0.410347921085441,-0.251748458151982,0.549439902991788,-0.709766299646408,0.745015366099167,0.255005979554816,0.231877263350039,-0.548409576735814,1.2539411186089,-0.106360030245535,-1.17294069468148,-0.131784935275418,-1.24329977101736,-0.200286008596014,-0.272039081251033,0.437070006839726,0.647522324236656,-0.467212595048482,0.516891536903839,0.913955690794215,-0.504489675949678,-0.419876471434776,0.417126485390293,0.116714491580531,0.351612150576542,0.901342151686494,0.247761366015466,0.674629635946476,0.39922439087366,0.277651136575506,0.247119936951839,0.828533111377328,-0.644580258044487,-0.710685135260609,0.379339874232336,-0.0777266171749421,0.0466789478257234,0.475251827753256,0.482970488891472,-0.169559774936008,-0.201592239419864,0.0464177966953145,0.681897964284746,0.272769901391426,0.919533473003199,-0.0057577999674109,0.722136435821718,0.566278347661479,0.392273679361354,0.265499478731755,-0.180614560776267,-0.0708849939716465,0.146482393827646,0.030547338291645,0.604957592434495,-0.0710645833368523,-0.0460542274322175,-0.311919335213591,-0.0897029217185343,-0.0450193414609124,-1.48690971905191,-0.877451429084964,-0.0474094222636551,-0.171238216435418,-0.772142338852205,-1.27996994310849,-0.228455657412313,0.418871807753464,1.13805574765312,-0.0255526962128439,0.958183926108601,0.0524703155677859,0.0733506731960798,0.207774672889277,-0.560003669614503,-0.0340701871352054,0.582621308875299,-0.482383681470813,-0.207412673322491,-0.73803839811761,0.226739080488216,0.271985872354764,0.415565104835707,-0.784307497516171,0.068021664799578,-0.607198394879726,-0.00109987220974945,0.861482264188811,-0.324255015617504,0.459455656334942
-0.301637138525916,0.148449041774481,-0.400061905201175,-0.902457009704693,0.553978883482036,0.109996290950246,-0.353214259350546,-1.04530396782618,0.866569250205274,1.59679628870156,0.0349810261587723,0.350164647002526,0.53405284825799,-0.411196742418522,-0.239156498193405,-0.914310237205846,-0.428259927930895,0.238583081934172,-0.209479396526857,-0.171939359006441,-0.122059659308297,-0.98131208600815,0.344189644984106,-0.77513649498616,-0.169171189392581,-0.282026801415788,-0.174089705098702,0.649564242672325,-0.352439202011698,-0.451086554793933,-0.812508054263234,-0.462176406855495,-0.63906390244361,0.133347758277992,-0.490296018451648,0.0823629351355293,-0.138678346418546,-0.770263586746936,-0.454771736455288,0.367488884381676,0.376303474033517,0.917288777247535,-0.0685845398275738,-0.800816274135757,-0.443882933785454,0.133613864152093,0.86555183384541,-0.0128472428302108,0.492749686817543,0.310062767530622,-0.639999608098842,-0.150791131193098,0.573652202111082,0.36306464599352,0.160752816470007,0.167287888399035,-0.307955808887597,-0.714238040892962,0.568825891598222,-0.763716451460241,-0.52753536975421,0.2417996634446,-0.686175055239969,-0.337625487749581,-0.647216632803591,0.237726225194659,0.152174006708676,0.140187251493337,0.150285708275265,0.206607684245069,0.246898677338328,-1.03283196483256,-0.139850544837609,-0.0116427492970891,0.288764280297465,-0.649516289527285,-0.311976966388447,-0.593654527115523,0.451950403330865,0.560801521942308,0.319678061522465,-0.666649893025584,0.154941061635364,0.497687195602822,0.015579390558707,-0.344612395590444,-0.599776018308087,-0.393285721965758,0.28394184566245,-0.278639875567684,0.0448608574458795,0.568590362355644,0.216955959215921,0.602804757599183,-0.901777386911279,-0.204553002736379,-0.034899432171664,0.21708076699733,-0.640546728128864,0.328759831955487
0.146567457765509,0.305190435101445,-0.0998896235612449,0.575567403516191,0.395785807997348,-0.121834869596385,0.650011222072841,0.165207547322188,0.409089787182532,-0.409655370426809,1.00012374020625,-0.0270415241555515,0.525193057233714,-0.0893601417039303,-0.205736997974506,0.48408849395965,-1.0517477693027,0.285664798290322,0.230689892554728,-1.77181250385092,0.214360069178161,-1.43022059742435,0.403289515633626,-0.318723582553263,-0.474976612542223,-0.0288939233193654,0.865681348775765,-0.436329573849729,0.337357648935994,0.196713946209793,-0.789126491525148,-1.15314391856648,-1.31623036178138,0.332930418244211,-0.0469784841548143,1.17525290462069,0.347452711406219,0.526394419123003,0.840612945832718,-0.349067065327907,0.306236216579313,0.538775072511396,0.863282441742131,0.469964120232665,0.248570268841573,-0.587317107775687,0.448511671677618,0.299862186192644,0.386723015113761,0.250189616386683,-0.155305256788304,-0.0742869760515376,0.421156236549564,0.0868115819042156,-0.562607200973007,-0.212562988773405,-0.879632473501383,-0.651373321949435,-0.118205541132046,-1.19016815014869,-1.11912191883663,0.690327241150802,-0.39827221714732,-1.22489006425317,-0.0976237176008596,0.831981397164658,0.404877776023271,0.261689095947671,0.742955942662107,-0.524612741292346,0.448595191224712,-0.405057675996059,-0.0239601136979504,1.41116175308026,0.604019778628464,0.473436733079519,-0.742974211246459,-0.534164966993048,1.45631595325472,-0.733232250985345,0.114589456664718,0.554189992345459,0.635995794866263,0.681605664091099,-0.130210536370174,-0.556693572773246,-0.223647536612312,-0.609277281986314,0.38206730855363,0.70186022191749,1.35459724369314,0.212893022580173,-0.591568163809953,0.639702001933226,0.562091251871904,-0.178909943496924,-1.03439838156172,0.469094599720918,0.707558286980667,-0.215771192048697
-0.203662214909679,0.449490904912991,-0.0955539810300849,-0.250549214853239,0.0604814816818003,-0.208784644509591,-0.41846575474188,-0.230959555608684,-0.0211605694296286,0.125833650401858,1.0289603515738,-0.941271875358823,-0.1516724201986,0.414868872059966,1.18546346756346,0.274785497130492,-0.0249786254884701,-0.22524738214876,0.26680606232067,0.658579549490138,-0.140929240219026,0.096022907127152,0.132269169773663,0.481502434692191,0.741959675738713,0.17468397454052,-0.0675248387229982,0.935057036676348,0.0965496191186418,1.05992622100727,-0.0578127961470095,0.40287186398776,-1.06948241126357,-0.0922147857139772,-0.0304597917791891,-0.532523694689838,-0.721711663631279,0.630701340086303,0.607525129579893,-0.900873801178337,0.273670625750105,-0.773961171613862,-0.732059219875457,0.342539392144652,-0.483226389972897,0.661593811963168,0.0106555761169824,0.349857858628192,-0.37252959242131,-0.800324362030847,0.607929688840656,0.146675770765157,-0.178562311124292,0.0315899748542113,0.888190894673634,-0.491503317838778,-0.52643187991029,-0.437959272203888,-1.09600010192441,0.543089118928408,0.115523480703351,0.125613366590488,-0.0451510920558598,-0.363350428450604,-0.576880308657999,0.565057253651058,-0.987750880479549,0.284522464228583,-0.55588099338552,0.176830735751729,-0.520489379241785,-0.37233531413158,1.19047013621306,0.439925679623457,-1.47765529745359,0.07056427196999,-0.323578327071294,-0.790375698912025,0.127395121274491,0.0729862135729241,-0.239527549178878,1.32907358839574,-1.54840497901404,0.555761692823291,-0.212614078077778,0.431903294664994,-0.325067553906627,-0.420406660376731,-1.1814700816627,-0.158372535414308,1.67401315309651,0.659018723108866,1.12653638328685,0.608074931253367,0.764373628189935,0.599834628489485,0.308443655547304,-0.412679712564955,-0.378874341645542,-1.10680325831517
0.545116270976466,0.624533328756573,0.0633291016218222,-0.321730374377501,1.97759345750492,0.44766520168928,0.857364165663234,-0.195957096137817,-0.0164015407085682,0.275085583866,1.01069475733457,-0.180257767866155,0.51771472901423,-1.24860622838504,-0.297543945595071,-0.767668191457807,0.67332181895625,-0.0921813833235239,-0.22752424212749,0.826526678534848,0.675065201809347,-0.531641232535577,0.262660472690738,-0.729588497653067,-0.278589672633958,0.97478360306836,0.875068317853645,0.670719474609822,-0.335674526939245,-1.12077442769189,-0.697989634924823,0.576987390365024,-0.167733181328989,-1.28921939792402,-0.101607415699416,0.851172111082096,0.391821606668581,-0.485654900437579,-0.919777017408355,-0.488823199867878,0.0270223454104849,0.538357559814753,-1.15582532091107,0.619308944103197,0.00960736612675997,0.347676215125824,-0.984080714284884,-0.393035931684882,-0.262186591110375,0.631703492403674,0.622287703267646,0.266988149182294,0.967375809426432,-0.302430432527137,0.612920107822337,-0.0151928554195039,-0.393447922865026,0.559508585052985,0.833715828480141,0.532472708584702,-0.298831363320508,-0.275098648552724,0.831664317229546,0.217706088656428,0.503312036028952,-0.19656895375561,0.761788056512458,-0.478164469030824,0.380968154199768,-0.483208544716863,-1.46892104140731,-0.798189952999689,0.0879883846026456,0.535271771012486,-1.0428176031182,-0.743355104132837,1.06342724989047,-0.253598995426549,0.309288401152679,-0.30933420690041,-0.172534739866067,0.0586033263270968,0.0129047260174733,-0.109019563275683,-0.275103950928948,-1.81954920566778,1.12579630039296,1.07893015243197,-0.653289040930641,-0.09437065096822,0.830226220555768,0.60438503198215,0.77111361429825,-0.635715380255924,1.5503060058738,-0.672685912915538,0.457987691565475,0.090972229354628,-0.235513602788935,-0.220959445133218
0.702685408052514,-0.00915204760230606,0.0696415782992222,0.0466192895906314,-0.224904063422831,-0.577237111356243,0.0670918190052888,-1.02278628183518,-0.709351215752804,-0.550482126685456,-0.551541733449116,-0.000945300495187193,0.691462272920684,-0.75427542676904,0.150642176835381,0.366944271034752,-0.510151084158144,-0.0752275697035557,0.33168830777068,-0.169345353890958,-0.153176276699424,0.0921641546687759,-0.0785769493556157,-0.308701625762043,-0.115071621410008,0.823486556931229,0.35493005213347,-0.475358825538896,-0.628726118932677,-0.217852061851535,0.566235036958966,0.0851775446873288,-0.376420632990066,0.358907180085578,-0.112636547896279,-0.571042096358618,0.163418012167909,0.656944132028019,0.151010030005669,0.0384325662247209,-0.355405509732812,0.213193619035443,-0.547777050059789,-0.81826729437604,-0.0708415133668347,-0.0667746019571991,1.04737853981863,-0.615460968449103,0.0286386341756417,0.323071947262973,0.437075653694142,-0.0556922542992734,-0.395805510022739,-0.0812563217217211,0.849912655726671,0.173422042096999,-0.999960270041175,0.610196862600919,0.20024161202829,-0.0663002125421862,-0.0590069437313095,-0.120260016582694,0.0684072558143259,-0.284657490276586,0.077902979658367,-0.483139979666795,0.0422149748329967,0.463189919023984,0.185710676083661,0.429255398366991,-0.557201483770919,-0.0252726928992579,0.235875417179006,-0.546585814975489,0.676292154119652,-0.531172568429748,0.0256728750025715,0.0197826102797884,0.00577842960099333,-0.148412685158589,0.158192024272866,-0.529480888448699,-0.649362587120113,-0.354628046610716,-0.0773283816272659,0.532793073555761,0.686339479334298,0.0976218294333564,0.126459475678881,-0.163836816366191,-0.0284019248322584,-0.702841250329217,0.0839028648019599,-0.299369549942641,0.104677915984164,-0.21135146606461,-0.357900002147074,-0.152445949080571,-0.221066246240165,0.457497986466982
0.273540843053999,-0.785925568596263,0.947413940465638,0.100616247200065,-0.542436445196996,0.195382664126369,0.550821066515013,-0.876353278115923,1.06979111899169,-0.100344015724385,0.709573244783805,0.045463730340618,-0.210759149972193,-1.16205449421348,-0.696854168351202,-0.0264623212425942,0.52386090438171,-1.1916593717356,0.870562684477951,0.885472788048561,-0.724170506632285,0.298745712468128,-0.654729272524619,-0.0795574763449788,0.587688156649123,0.549495023456883,-0.537936825813896,-0.245084108867345,-0.618338981143999,0.214691630444219,-0.987405282352538,-1.66502658134658,0.930313114694466,1.43914508835004,-0.288389233933168,0.481598583135896,-0.00503834016299743,0.933163218481894,0.35056425634908,0.128660374710603,-1.13939836737025,0.685377627967999,-0.222428460320651,-0.888897703258938,-0.128054119726602,-0.0805566904097804,0.670341240162488,-0.739416444597177,-0.353356075786312,0.941904469983105,0.859941495833281,0.736192952416407,1.05169398159424,0.128892747448453,-0.368703495910418,0.351235469620114,0.670034959314665,1.527886615644,-1.2444024992838,0.172709222397306,0.414290494836722,-0.0348567540494459,-0.986612007591658,0.469187973621374,-0.493560564504452,0.319994579173345,0.574321857387695,0.812640180501013,-0.986638313980455,0.684609098537651,-0.479565331861019,-0.816421455702514,0.831864711514594,0.725458287427454,-0.153877865215071,0.480609752770341,-0.544997088853108,-0.0959125691375994,-0.0596282006962387,-0.178036561539647,0.464501351816348,0.973059914055455,-0.288856191048085,-0.0209654716288076,1.03601318857266,-0.208618573783775,-1.64901612682803,0.325137147415365,-0.56154887970382,-0.632505447704412,0.899291984799918,1.54964440187112,-0.658618876687251,0.652498204312697,-0.0598970360637216,0.0894963709514396,0.773562408819553,0.134998484863629,-0.539323883632539,-0.298124016873052
-1.62523554801338,0.781657725126699,-1.08594394236215,0.0287558697089093,-0.120160166715664,0.92042697856038,0.145844756602474,0.0848794869738186,0.503096212746915,-0.566757779817153,-0.124046249845561,0.839417152628572,0.492811062770049,-0.881356543564066,0.460881872981769,-0.95297211556185,-0.406327943977745,0.862801483426688,-1.56567885570393,-1.23456118689978,0.926251451841691,-0.558184519096471,0.885800469535735,-0.104651424947906,0.313445492615041,0.583866140421972,-0.443436689176406,-0.200290956328706,-0.277808263296964,1.98878291981942,0.101860733964898,0.345029200055881,-0.225658108260381,-0.156238164972396,0.980532943885632,-0.224346441271654,0.0274968914092325,0.277801111370889,-0.289471380897493,1.38760521437081,-0.988656111449341,1.42424239901127,-0.23326093227055,0.965356529018803,-1.38900005762757,0.684037904735546,0.628165917318653,-0.878354418732523,-0.525587769762127,0.149124521663656,0.815743102393149,-0.52395714020254,-0.14384686906009,1.11563149519394,-0.777433480486045,0.67822503811373,0.328171202345047,-0.762328833267227,-0.455120428316607,0.562820939770932,0.188010467499552,1.0130418006106,-0.408764275788794,-1.18929750054436,0.748395592351079,-0.413560716917151,0.0977875929957934,1.21923567709376,-0.162287266400056,1.10034523955089,-0.756243627674749,0.662594262406252,0.186495127802782,-0.503454610451878,-0.884521759058819,0.0671353604957211,0.192363347682217,0.207993639358288,0.389962565339446,-0.309647063026931,-0.345505142839995,0.179577654975665,-0.366539169076974,0.868628816187159,0.13552365460748,-0.418223205412967,-1.25411743361757,-0.438154051120739,1.44860171069824,-0.379988713468201,-0.573060352021715,0.4713977712125,0.322927635764543,0.540620358544948,-0.181620626377678,0.800885023268806,-0.809183349402236,-0.0209140134801041,-0.480564656330166,0.490906571626803
0.708354358126761,1.29725845217467,0.106875276749512,-0.312257919739069,-0.491574667116607,-0.143689873720755,-0.0236289034447293,1.25585922595549,-0.681252395498174,-0.658974603573871,-0.233647835358341,0.384263088519243,0.529226208152745,-0.543971871667464,0.0984234174921436,-0.00705104123066032,0.761422163650235,0.695620423558455,-0.174256706464611,0.0481198754154687,0.424709059732689,-1.0067305768099,-0.173009292250285,0.376388683585665,-0.305191700998556,-0.0176183894728577,0.00653298558820471,-0.42959060486962,-0.597689381063457,-0.104483045260077,-0.195823824628692,0.53728472548719,0.969151308875255,0.0121720309889205,0.267022942420326,-0.0241338190209548,0.392828816058918,0.155189570872978,0.166424044359284,3.24120968704275,3.56169952459179,2.92119657299555,3.29149538930417,2.58679084149241,3.51915039428516,2.99847384556346,2.76603592697415,3.11926317642469,2.75722531898786,0.383289942434483,-0.163209141621374,-0.477305563248538,-0.374995724585172,0.165898651113201,-0.99514838647357,0.56033345428729,-1.32665915385989,-0.292844587253476,-0.469022443467835,-0.755418792875774,-0.649471813735265,0.174792065064359,-0.0547701719661957,-0.16716344797999,-1.42089762243347,-0.802417583550855,-0.0619286146259511,-0.525413588529517,-0.474972636719885,0.671009207240523,0.128557649447677,-0.628329500435425,-0.27134178541518,-0.157264004825096,-0.402678803330276,-0.578804194420862,-0.0125820547031186,0.479622615362895,0.160376373980263,-0.104656699872083,0.26028739515687,0.512347539395929,-0.0676431913486307,0.302484825816314,-0.691471004658297,-0.135383026566076,-0.24130189965382,0.141018673663658,0.241355964020599,-0.0571560634024707,-0.456007702970162,-0.55749015218168,0.192446447263571,0.861744167439455,-0.468993343114516,-0.219267729557367,0.224821490906582,-0.324674032738311,0.0950305571077077,-0.00997022221188517
0.323219577382019,0.330467336778067,0.417163848385858,0.536049073908161,-0.328986281528702,-0.308568993068881,0.0452242865207575,0.225052398056803,-0.247699311244393,-0.288513836144373,-0.383544527941754,0.640478463403092,-1.30490622414527,-0.163822394991164,-0.0634951914792375,-0.59870570649888,0.105778130426761,-1.04111950274581,0.383441768997445,-0.893046439929801,-1.15600224524735,-0.454377442353087,-0.0031072884283261,-0.399776820013279,-0.354788383417524,0.0803193828887447,-0.598360210027243,-0.123978115099111,0.160627601098531,0.714478048838207,0.151617687852005,0.753856672665035,0.138799883872129,-0.0837048512091944,-1.18223081449956,-0.6791703850508,-0.237625424012782,0.265121420458874,-0.239356583205734,0.1829148883651,-0.600754143476878,-0.215768481425361,0.0236700638652828,-0.257332494673461,-0.0271170185959922,-0.409127875248198,0.100376080422517,-0.12164062531229,-0.105062238512019,-2.98993539395027,-2.97964559165564,-2.76617529078735,-3.11331821877941,-3.07506805766471,-2.97520129220078,-2.82052510445334,-2.62088060136532,-2.68356270886591,-2.80794892924337,-0.338711575917143,-0.232203005912372,0.446916896169777,-0.0815362103424316,-0.901277792914646,-0.494837560196175,0.409096635609523,-0.379871420008042,0.0804359770817647,-0.0751908868775023,-0.324109042508648,-0.253140150599562,0.108846900246362,0.0200491529000946,0.519801761794234,-0.179540896192147,-0.53220720512784,-0.00124364163981969,0.261740028589715,1.03038000041219,-0.308179521359044,-0.24122865973483,0.348108433189508,0.542527991811039,-0.403245375224649,0.241866711690252,-0.35765037925802,-0.551205974321185,0.221776226653413,-0.0302049332050515,0.107681888249791,-0.36513185412551,0.792963079070953,0.242216533731756,-0.264653441268909,0.260479485803874,-0.674224899329577,-0.149280691146433,0.602040433251394,-0.174187695082102,0.361757611950264
-1.3631151415281,-0.562227651819337,0.0608001454723407,0.752103689484631,-0.40021563805542,0.0908759629967253,-0.61001987963454,-0.639188298752809,-0.504104337183823,0.708331168274195,0.466139928741797,0.270328899701092,0.565079162802968,-0.304764696012665,0.364048303142546,0.0533966624970052,-0.657628461766056,-0.534463866818946,-0.0367440133748237,0.0511376054616464,-0.246544970828424,-0.627910572333216,-1.24611007982663,0.17518719865475,-0.231809242837409,0.245189551347805,-0.938253175807732,-0.772995697262333,-0.127906243307739,-0.863080594202405,-1.18513855985622,0.377615735026375,0.443860838095756,-0.64681829064454,-0.218695987545576,-0.705570514997254,0.113723970362291,-0.0817821873016111,-0.556154063223834,-0.502353733585796,-0.664960689979486,0.181479217685591,0.25753091865179,0.147643567022845,-0.541144910905362,-1.07398008765358,0.234860689122992,-0.165033818343431,-0.0872694099494113,0.358153813737323,2.09839485232514,2.01205222330381,1.1713217237869,1.28104187337945,0.828509793034812,1.67247181513223,1.76437800940698,0.687869723613253,0.821197420214978,1.90469104645043,1.21386963697936,1.68047020657831,2.49463001166638,1.66445327922999,2.02623858889617,2.34946261474989,1.33520537338732,2.78560621316711,2.62020921436783,2.86377917579668,1.8742793382599,1.28140824623919,2.49669776986853,2.59111935107055,3.77422117431386,3.31169575562997,2.03107034129181,1.73593362588423,2.74259337806634,3.59594549552603,1.72011962069502,1.9916990348481,3.53861699274145,3.62231218930019,2.66673384866789,1.60786182945694,2.28445768354605,3.34045130428501,3.96224014492639,2.69047407589648,2.3511329196216,2.94317238974971,2.87692716233525,2.27439881628568,3.20513050423151,3.71426658467474,2.91787225637127,3.31545012033594,3.1212510199184,3.27693965628651
0.299461349850036,-0.702798340510705,1.18453067198758,-0.207782564999215,1.33636071373225,0.454330343634977,0.913372486902484,0.295690442183324,0.0117086010866438,-0.669334212968989,-0.343120617618263,0.0243138700103825,0.260824002125505,0.0342925481870476,-0.0697092147072277,0.189990244466417,-0.318590217454771,-0.326899718969509,-0.987732741346659,0.666187724813503,0.091879738151921,-0.00192237749510914,-0.474174281255781,-0.119860363416315,-0.722670314167788,-0.695737784661776,-1.3205658172881,0.763489334541566,0.14866232829874,-0.744220014352485,0.894315532555207,0.506915556422789,0.591545567761988,-0.104051466865468,-0.245664620342402,-0.0122890661487735,0.34892138874272,0.632881313376835,1.20015930446408,-0.307596318680385,-0.671501632634744,0.130624625422003,2.22947682493852,-0.24979144500814,0.88130720138563,-0.116501006155188,-0.28566320492594,-0.452259613579866,-0.0936148913405779,-1.62817385424592,-0.811274365251833,-1.42091811993485,-1.89170487117044,-1.24172572170776,-1.07562148453145,-1.724689717885,-3.31689864649256,-0.75830136804761,-2.22037832918183,-2.00948634457427,-0.858821556123016,-2.99882393310129,-2.55392661625866,-2.36967042525084,-2.73772882207674,-1.31802700562115,-1.25130231981391,-1.73947432133969,-2.33364349543611,-2.35420798536728,-2.4708438433244,-2.4748238197691,-1.90030464367801,-1.67444198076435,-2.52394661221125,-2.08860576061989,-3.74147565053692,-2.29449781610545,-2.89706511382494,-1.74088009211815,-1.7185053554198,-3.77789722866238,-1.93660948891676,-2.85943703623071,-2.64836461300668,-2.04089950379074,-2.19649960858621,-3.13141394720561,-2.47795994581427,-2.98024513872951,-1.97888679837211,-3.702883551318,-2.29814732875055,-1.9853423470822,-4.41571500551147,-2.49135204182369,-3.12778774924288,-2.87386694938917,-3.13204448853591,-2.58474161583977
-0.522089543235691,0.064582813614755,-0.544392818513097,-0.961066299125532,0.500619467769039,-0.813353907165361,2.13610609859159,0.0772806289933435,0.0521091415764516,-0.0466769037358125,1.44150917769047,0.522417434616567,-0.190374136921032,-0.903384947572372,-0.804082172441508,-0.606400324483878,0.951705587853231,-0.142064285229562,-0.584749236967382,3.464140152736,3.29656505066985,2.94685361558874,2.78793543556556,2.9298431239906,2.8863544243441,3.1025309691166,2.58770225572814,3.29229029183925,2.50085066706486,2.25785924693638,3.12888874154374,3.20764500202941,3.51270978645631,3.36303803396045,3.10989368807318,3.34579980589803,2.50975113231443,2.42969514806927,2.39225600160259,3.02236426816166,3.33073518734047,3.45319612357132,3.74185072652507,3.16460029378742,2.93590427532791,2.66936152850522,3.12703410982337,2.96782236259843,2.8374353416689,-1.27040965829073,0.387992424066308,0.224725955993113,-0.306933990775017,0.140228949630382,1.07202567899338,1.01734102194311,-0.350323557265758,0.0134757044402115,-1.12768076091406,-0.561809077349925,1.56974128003923,1.17223216037212,-0.173440178200633,-0.534316860000919,-1.05953811224211,1.66152550075099,0.0944723598578592,-0.457565105741146,0.845064647758003,-0.851495309508341,0.571216561774458,1.12771616905533,-0.158571828025741,1.13582686270513,0.504985053047583,-0.523676592416144,0.452600918076158,-0.543704258125181,-0.410847856023418,0.608472352621228,-0.365378836212916,-0.01386386058171,0.799052938519071,-0.934073257752106,1.24802404945847,1.59600791689773,0.483895291667305,0.333883915691395,-0.38158385437181,0.387663801474163,-0.385915914687817,0.229673491705436,-0.529767721388505,0.619394375808562,0.543796661506496,0.973559153185947,1.54946136655977,-0.498461147505792,0.757903012004145,-1.10678458738672
0.447009896335138,-0.444532288778447,0.129423225311291,-0.530334974723386,-0.249668931854854,-0.0751818475399373,-0.377782473704169,-1.08384126352384,0.075129603426227,0.197861509361781,0.0188042216716608,-0.312355972592974,0.423044722198212,0.516935753712715,-1.31035618823267,0.541841336598352,-0.995788988518063,-0.236008562291184,-0.640849300044678,-0.387200070652112,0.643662122661578,0.22942464219753,0.207920274171868,-1.1538049067175,0.0503660180331368,0.279347742442583,0.402259784779128,-0.568881409745382,0.442814612774803,-0.792293492271313,0.867021694115624,-0.47642996227903,0.351472073464126,0.114741511470141,-0.616720220164039,0.552263223215684,-0.0359094568828675,0.379736691769117,0.0619436860867043,0.406257300807764,-0.0421022460847315,0.536892860278233,-0.240048643816803,0.225599222827866,0.146858932525619,0.393212627909611,-0.382401379820108,0.0405000553832012,-0.360758232069921,-3.33851153264128,-3.50293244901435,-3.49147349901342,-2.26558481908104,-2.87469108335324,-3.21503587831665,-3.78959553977989,-2.90356813154468,-3.24865002759022,-3.04294577567108,-3.10357437764489,-2.61197230564875,-3.03431762952642,-3.08900070851535,-1.8135807607344,-2.45639790121133,-2.93499088434906,-3.36559899831398,-2.41043515822346,-3.46632477809638,-3.02403208661383,-2.57370712573951,-3.20565605766296,-3.18360491195435,-2.77984542929846,-2.93026443368457,-3.12462630600443,-3.10468701747092,-2.87455038709844,-2.76663566629304,0.963844125921174,0.249344368498946,-0.961557671160504,0.134335702278869,0.00210876649555809,-1.36051908914239,-0.0757436645593695,-0.364515148611378,-0.523373731392264,0.0728108076985212,0.396935042658563,0.860808857298736,-1.44740112556724,0.340134615127101,-0.557817589246922,0.558654660989634,0.129540223386954,0.711472465740505,-0.838651051303523,0.208308483966478,0.102695127388431
-0.21777794659115,0.801316341956215,-0.37621082930003,-0.364558799969612,-0.0276607328386868,-0.838847878884509,-0.384815098261409,0.776110669353043,1.17763518712948,0.779260803340375,-0.361318717979049,0.1895442644502,0.0265183909517547,-0.979482684410625,0.144286514747294,-0.657318779010687,-0.832454051289966,0.491174468873707,-0.571088018121708,-0.153217014764348,-0.768049569042798,-0.00501015442850111,0.318389825045346,0.325947670561582,-0.843298538133818,0.885815960629274,1.05991269106523,0.22988053849517,0.0702334209961282,0.010847392409689,0.144388584440344,0.232484001101068,0.0549261468649424,0.438053620439452,-0.295292804217521,0.790443576912701,-0.0743935163136441,-1.34754218723762,-0.120367043030461,0.284800483808595,0.865058453911039,-0.00184878922664095,-1.48417518547107,-0.0428876809975559,-0.935155797016256,-0.769820795394511,-0.806519064698925,-0.638743080680831,0.796212104816639,3.88278544785913,-1.25769683802116,3.94997835385068,-4.39564907052864,-1.93525970968033,-4.05870554851037,0.928324685231071,1.2625841421703,-4.09807625575617,0.143593416470362,-2.74159882262946,1.48152856528265,-4.66474151823582,2.59415194746863,-0.133223797105107,-3.1078280812244,-0.248766336038551,-0.797001075417131,-1.09338412229756,-4.49204727469774,-1.75563046790704,-0.519982868466031,-4.44975662184641,0.907084155548231,4.11934915817695,2.34626160103776,-2.39559887257541,-1.97059865140575,-1.39707676344095,1.81768024616071,-0.118558611754167,-2.83516950837669,-4.5359538317534,1.67789148893581,-3.13189035112463,1.49103621731337,0.219212746744173,2.16531304482937,3.28251450314906,-4.26988316849283,3.06691097263345,2.06344523676279,-0.922364668982782,-0.059247166711114,1.46519515710491,1.98150243106225,-5.14212998194358,4.37657094332186,-4.22368645009183,-6.24349235780671,2.86271815695094
-0.368823666419644,-0.465963932288018,0.971272732686149,0.571588835246963,0.393452505490403,0.0549544460901644,0.427843276297556,0.385856299263716,0.915782773391905,0.491822146547621,-0.102485506219576,-0.107382945416401,-0.24983937958499,-0.191133824845421,-0.119644072941252,0.701608365003115,-1.29656605198564,-0.381376449837327,-0.0612371737922743,-0.708519534703469,0.924549169775255,-0.118104812783182,-0.614924947651421,-0.488153079639711,0.504400837985942,1.06516517373656,-0.0563913433381562,0.0737525839046398,-0.520180940256089,0.75436647997087,0.42014770934772,-1.29706898289582,-0.349521886146662,-0.118200012698277,-0.609997393806538,-0.140204146920751,-0.624221947684317,0.21570234847081,0.202387794815367,0.46984685261521,0.247857883822546,0.91048998986385,-0.203737235573696,-1.19806724223927,0.0279684003122198,0.379180827418277,-0.212232262397168,0.801761120605125,0.629523618535271,-0.120927380356257,-0.0179314507226133,-0.107722311640913,-0.143566744747815,-0.0353691196840396,0.0517689619599146,0.0252719504094149,-0.0513979053055348,-0.00126056376566585,-0.00789561179980059,-0.00188195908491569,-0.0356830636154564,0.0288759922088274,-0.0866162008793138,0.0302013916619652,-0.0271526163583329,-0.0268478873622588,0.056464327490704,-0.0342057457614507,-0.0788280201230062,-0.0962430673209792,0.053522619469175,-0.186662990187124,-0.033353245885042,0.0145165110116525,-0.109996832652152,0.000557036697898668,0.0536192015147389,-0.145954286984793,-0.0709771167085104,0.140980995518706,-0.0523699537178184,-0.0772875567943055,-0.0686174849400149,-0.0347455519663924,0.0148735909002531,-0.0562933813532329,0.0161375679334037,0.0561562197820367,0.0268945209776092,0.0599860561036328,-0.0640705868150842,-0.0098193114451209,0.0531430873201085,0.00439663065878306,0.017015602707311,0.00406885437760699,0.0146333480535652,-0.00197383426974587,-0.0879512798568732,0.0139199464857983
